Clinton,Trump,Third Party and Other
47.02703386145255,47.24889948102845,5.724066657518994
