Clinton,Trump,Third Party and Other
48.184593289271085,46.0855905707588,5.729816139970109
