Clinton,Trump,Third Party and Other
47.464949189665425,48.183336312285924,4.3517144980486515
