Clinton,Trump,Third Party and Other
46.45384137224266,47.21818456731012,6.3279740604472225
