Clinton,Trump,Third Party and Other
43.24299965303284,51.313679808010306,5.443320538956862
